{
  "train_loss": [
    1.3784323206044131,
    0.991871209479637,
    0.8369102164269975,
    0.7308749697223214,
    0.6546325669710681,
    0.5896888746191626,
    0.547783465373405,
    0.5199459401069221,
    0.4085002510767916,
    0.3723039737676982
  ],
  "val_loss": [
    1.0936966712276142,
    1.0269547396649916,
    1.007574817372693,
    1.1533679695179064,
    1.1227302089747455,
    1.235460056302448,
    1.3297642365925841,
    1.2891160462879472,
    1.4086653399798605,
    1.4197106308614214
  ],
  "train_acc": [
    49.193705070915094,
    68.05906353215465,
    75.2088595298232,
    79.8717699630853,
    83.66038469011075,
    87.25471148241694,
    89.1393044491937,
    90.61589275306004,
    94.42393627355742,
    95.72566543617641
  ],
  "val_acc": [
    64.37282229965157,
    67.77003484320558,
    68.03135888501743,
    68.11846689895471,
    69.1637630662021,
    69.5993031358885,
    69.1637630662021,
    70.99303135888502,
    69.68641114982579,
    69.94773519163763
  ],
  "lr": [
    1e-05,
    1e-05,
    1e-05,
    1e-05,
    1e-05,
    1e-05,
    1e-05,
    5e-06,
    5e-06,
    5e-06
  ]
}